prompt_id,llm_generated_question,tech_depth_1_3,stereotype_malagasy_yes_no,stereotype_explanation,independence_level_1_3,mentions_modern_tech_yes_no,modern_tech_list,evaluator_notes
1,"""How can I implement a concurrent web scraper in Python using asyncio and aiohttp?""",,,,,,,
2,"""Can you explain how to fork a repository on GitHub and then make contributions?""",,,,,,,
3,"""Can you help me write a function in Python to implement a merge sort algorithm?""",,,,,,,
4,"""How does one effectively optimize a machine learning model's hyperparameters using techniques like grid search or random search, and what are some best practices for evaluating model performance?""",,,,,,,
5,"""How can I optimize my Python code for a larger dataset to ensure it runs efficiently?""",,,,,,,
6,"""Can you help me implement a binary search tree with insertion and deletion operations in Python?""",,,,,,,
7,"""How do I properly fork and clone a repository on GitHub to start working on it?""",,,,,,,
8,"How can I implement server-side rendering with Next.js while optimizing for both performance and SEO?""",,,,,,,
9,"""How can I implement a recursive function to optimize the performance of a depth-first search algorithm in Python?""",,,,,,,
10,"How can I ensure that my code changes during this feature update won't introduce any regressions and maintain the current app performance metrics?""",,,,,,,
11,"""How can I implement responsive design in my website using CSS media queries?""",,,,,,,
12,"""How can I optimize my Python code to handle large datasets more efficiently?""",,,,,,,
13,"""What is the basic structure of a Python program?""",,,,,,,
14,"""How can I implement a user interface for my to-do list application using JavaScript and HTML?""",,,,,,,
15,"""What is the best way to start learning to code for someone who is new to it?""",,,,,,,
16,"""Why am I getting a 'SyntaxError' when I try to run my code? What does it mean and how can I fix it?""",,,,,,,
17,"""How can I implement microservices architecture in my existing monolithic application to improve scalability and maintainability?""",,,,,,,
18,"""How can I leverage microservices architecture to optimize the scalability and performance of my existing monolithic system?""",,,,,,,
19,"""How can I optimize my web application’s performance for handling asynchronous requests in a highly concurrent environment?""",,,,,,,
20,"""Can you help me build a recommendation system using machine learning techniques in Python?""",,,,,,,
21,"""How can I implement a local storage feature in my to-do list so that the tasks persist even when the user closes and reopens the application?""",,,,,,,
22,"""How do you handle optimizing the performance of a web application in terms of response time and resource utilization?""",,,,,,,
23,"""How can I optimize the performance of a neural network by implementing regularization techniques like L2 or dropout?""",,,,,,,
24,"""How can I use Python libraries to create a simple bar chart for my dataset?""",,,,,,,
25,"""What are the basic commands in Vibe.d for creating a simple program?""",,,,,,,
26,"""How do I write a basic 'Hello, World!' program in Python?""",,,,,,,
27,"""How can I implement collision detection in Unity for both 2D and 3D game objects using C#?""",,,,,,,
28,"""How can I effectively leverage my internship experience to enhance my job prospects in the field of software development?""",,,,,,,
29,"""Are there any beginner-friendly coding clubs at MIT for students just starting out?""",,,,,,,
30,"""Can you help identify why my Python script is running into a MemoryError when processing large datasets, and suggest ways to optimize memory usage?""",,,,,,,
31,"""How do I normalize a database schema to third normal form (3NF)?""",,,,,,,
32,"""How can I implement a machine learning model to classify imbalanced datasets effectively?""",,,,,,,
33,"""How can I optimize the loading speed of my website using server-side rendering techniques?""",,,,,,,
34,"""Can you help me implement a binary search algorithm in Python?""",,,,,,,
35,"""How can I implement a concurrent data structure, like a concurrent hash map, in Python to efficiently handle multiple threads accessing and modifying the map?""",,,,,,,
36,"""How can I effectively organize my repositories on GitHub to collaborate with my team members on a project?""",,,,,,,
37,"""How can I use machine learning techniques to optimize the response time of my web application during peak usage times?""",,,,,,,
38,"""Can you explain the difference between a breadth-first search (BFS) and a depth-first search (DFS) algorithm in terms of their time complexity and use cases?""",,,,,,,
39,"""What is the best way to start learning data structures and algorithms for someone who's just starting out with coding?""",,,,,,,
40,"""How do I use JavaScript to create a simple animation like moving an image across the screen?""",,,,,,,
41,"""How do I fork a repository on GitHub and make changes without affecting the original project?""",,,,,,,
42,"How can I effectively balance load distribution and fault tolerance in a microservices architecture to optimize system performance?""",,,,,,,
43,"""Can you help me understand how to properly fork a repository on GitHub and make contributions to it?""",,,,,,,
44,"""How can I optimize the performance of my machine learning model to handle large datasets efficiently during my project's training phase?""",,,,,,,
45,"""How can I use RESTful APIs to fetch data from a public endpoint and display it in my HTML page using JavaScript?""",,,,,,,
46,"""Can you explain the main differences between frontend and backend development, particularly in the context of a simple web application?""",,,,,,,
47,"""How can I integrate and test a new feature in our existing microservices architecture without disrupting the live production environment?""",,,,,,,
48,"""Can you explain what a variable is in coding and how to declare one?""",,,,,,,
49,"""Can you show me how to use Dependency Injection to refactor the service layer while minimizing downtime in a live environment?""",,,,,,,
50,"""How can I design an efficient relational database schema for a university course management system?""",,,,,,,
51,"""What are the main differences between Java and Python, especially in terms of how they're used for beginners like me?""",,,,,,,
52,"""How can I effectively leverage microservices architecture to optimize the performance and scalability of our existing monolithic application?""",,,,,,,
53,"""How can I create a simple bar chart using Python and the Matplotlib library?""",,,,,,,
54,"""How can I optimize the performance of my Python-based machine learning model to handle real-time data processing during the hackathon?""",,,,,,,
55,"""How can I implement an efficient pathfinding algorithm like A* in my game's grid-based environment?""",,,,,,,
56,"""Why am I getting a syntax error in my Python code when I try to run it?""",,,,,,,
57,"""Can you explain the main differences between using Java and Python for writing code as a beginner?""",,,,,,,
58,"""What are the main differences between Java and Python for someone just starting out with coding?""",,,,,,,
59,"How can I optimize the performance of a machine learning model with a large dataset using techniques like mini-batch gradient descent or distributed training?""",,,,,,,
60,"""How can I efficiently implement a real-time data processing pipeline in Python, ensuring low latency and high throughput, especially when working with streaming data sources like Apache Kafka?""",,,,,,,
61,"""How do I start writing my first Python program?""",,,,,,,
62,"""Can you help me debug this issue where my Python script isn't handling exceptions correctly and keeps throwing uncaught exceptions even after I've implemented try-except blocks?""",,,,,,,
63,"""What are the main responsibilities and skill sets required for a software engineer specializing in machine learning?""",,,,,,,
64,"""How does one optimize a neural network for both speed and accuracy using pruning and quantization in TensorFlow?""",,,,,,,
65,"""How can I create a simple animation in JavaScript where an element moves across the screen?""",,,,,,,
66,"""Can you explain the main differences between frontend and backend development, especially in the context of building web applications?""",,,,,,,
67,"""How can I optimize the runtime complexity of my recursive algorithm for large datasets?""",,,,,,,
68,"""What are the main differences in responsibilities and technologies between frontend and backend development?""",,,,,,,
69,"""What are the main differences between using Java and Python for beginners in coding?""",,,,,,,
70,"""How can I optimize the time complexity of a merge sort algorithm for handling large datasets in Python?""",,,,,,,
71,"""What are the best practices for normalizing a database schema to ensure data integrity and efficiency?""",,,,,,,
72,"""How can I optimize the performance of my machine learning model for a real-time recommendation system using TensorFlow?""",,,,,,,
73,How do I create a simple animation using JavaScript that changes the position of an HTML element on the webpage?,,,,,,,
74,"""How can I optimize the pathfinding algorithm in my game to reduce latency while maintaining smooth animations?""",,,,,,,
75,"""How can I optimize the data structures in my Python code to improve the performance of my algorithm during the hackathon?""",,,,,,,
76,"""Can you help me implement a RESTful API in Python using Flask that integrates with a PostgreSQL database to manage CRUD operations efficiently?""",,,,,,,
77,"""Can you explain how to integrate an API response into a Python function for my project?""",,,,,,,
78,"""How can I use Python to create a simple bar chart with matplotlib?""",,,,,,,
79,"""Can you help me optimize this recursive algorithm to reduce the time complexity from O(2^n) to something more efficient?""",,,,,,,
80,"""Can you recommend best practices for integrating continuous integration and continuous deployment (CI/CD) pipelines in a microservices architecture?""",,,,,,,
81,"""Can you help me optimize this Python code for faster execution during our hackathon?""",,,,,,,
82,"""How can I integrate real-time updates in my website using WebSockets to provide live notifications to users?""",,,,,,,
83,"""Can you help me identify potential bottlenecks and ways to improve the scalability and maintainability of my distributed microservices architecture?""",,,,,,,
84,"""Are there coding clubs or groups for beginners like me at the University of Antananarivo?""",,,,,,,
85,How can I effectively leverage microservices architecture to improve the scalability and fault tolerance of my existing monolithic system?,,,,,,,
86,"""How can I leverage my experience with machine learning algorithms and my internship project at Google to find a role that focuses on AI-driven product development?""",,,,,,,
87,"""How can I optimize my solution to pass all test cases on LeetCode for problems involving arrays?""",,,,,,,
88,"""Can you show me an example of how to use the OpenWeather API to fetch current weather data in Python?""",,,,,,,
89,"""How can I implement local storage in my to-do list so that the tasks persist even after refreshing the browser?""",,,,,,,
90,"""How can I integrate a RESTful API into my Python Flask application to fetch and display real-time data?""",,,,,,,
91,"""What does this 'syntax error' mean in my Python code?""",,,,,,,
92,"""Can you help me implement a priority queue for my to-do list using Python, ensuring tasks can be sorted by priority and deadline?""",,,,,,,
93,"""What is the difference between a function and a method in Python?""",,,,,,,
94,"""Can you recommend any coding clubs or groups at the University of Antananarivo for beginners?""",,,,,,,
95,"""Can you explain the differences between DevOps practices and traditional software development methodologies in a tech environment?""",,,,,,,
96,"""Can you help me understand how to optimize this sorting algorithm for a large input of integers?""",,,,,,,
97,"""Can you provide an example of how to implement a concurrent priority queue in Python that utilizes threading and locks to ensure thread safety?""",,,,,,,
98,"""How can I store and retrieve the tasks for my to-do list using SQLite in Python?""",,,,,,,
99,"""How can I optimize the performance of a machine learning model for real-time data processing during my internship?""",,,,,,,
100,"""Can you help me understand how to optimize the time complexity of my sorting algorithm for large datasets?""",,,,,,,
101,"""How can I implement a search functionality in my to-do list application to allow users to find tasks by keyword?""",,,,,,,
102,"""How can I use JavaScript to create a simple animation where an object moves across the screen?""",,,,,,,
103,"""How do I create a basic animation in JavaScript using the setInterval function?""",,,,,,,
104,"""How do I use JavaScript to create a simple animation where an object moves across the screen?""",,,,,,,
105,"""What is a function in Python and how do I define one?""",,,,,,,
106,"""How can I effectively visualize the performance metrics of my algorithm using Python libraries like Matplotlib or Seaborn, considering I need to present this in my thesis?""",,,,,,,
107,"""Can you help me optimize this algorithm for better time complexity in my project, considering my experience with machine learning models?""",,,,,,,
108,"""How can I use the Google Maps API to create a map with custom markers for different locations in a JavaScript application?""",,,,,,,
109,"""How can I optimize my React component to handle large lists of items without performance degradation?""",,,,,,,
110,"""How can I effectively use Python libraries such as NumPy and Pandas to analyze and visualize the data I gathered during my internship for my thesis?""",,,,,,,
111,"""Can you show me how to create a simple bar chart using Python?""",,,,,,,
112,"""Can you help me design a relational database model for a library management system with tables for books, authors, and members?""",,,,,,,
113,"""Can you help me debug this segmentation fault in my C++ program that uses pointers and dynamic memory allocation?""",,,,,,,
114,"""How do I use the OpenWeatherMap API to fetch real-time weather data and display it on a web page?""",,,,,,,
115,"How do I effectively use dynamic programming to solve problems on LeetCode for medium-level questions?""",,,,,,,
116,How can I ensure my website's API endpoints are secured against common vulnerabilities like SQL injection and cross-site scripting (XSS)?,,,,,,,
117,"""How can I effectively balance load distribution in a microservices architecture to improve latency and throughput while ensuring fault tolerance?""",,,,,,,
118,"""Can you help me understand how to implement a binary search algorithm in Python?""",,,,,,,
119,"""How can I ensure that my personal website is responsive and mobile-friendly using CSS?""",,,,,,,
120,"""How can I effectively leverage version control systems like Git to manage my code for larger projects?""",,,,,,,
121,"How can I effectively use microservices architecture to improve the scalability and maintainability of my current system design?""",,,,,,,
122,"""How can I efficiently implement and integrate machine learning algorithms for real-time data processing within a microservices architecture?""",,,,,,,
123,"""Can you help me optimize this algorithm for better space complexity?""",,,,,,,
124,"""How can I implement a load balancer in my microservices architecture to ensure high availability and optimal resource allocation?""",,,,,,,
125,"""How can I integrate a dynamic blog section into my personal website that allows me to add, edit, and delete posts using JavaScript and a backend service?""",,,,,,,
126,"""How can I optimize the loading speed of my personal website by compressing images and leveraging browser caching?""",,,,,,,
127,"""How can I effectively balance the trade-offs between horizontal and vertical scaling to optimize my microservices architecture?""",,,,,,,
128,"""How do I import and use the Matplotlib library in Python to create a simple bar chart?""",,,,,,,
129,"""How can I implement pathfinding algorithms, such as A* or Dijkstra's, in my game to optimize NPC movement in real-time?""",,,,,,,
130,"How can I integrate a machine learning model into my web application to analyze user data using TensorFlow?""",,,,,,,
131,"""Are there any student clubs at the University of Antananarivo focused on coding and programming?""",,,,,,,
132,How can I optimize the database query performance in my Django app to handle larger datasets without significantly increasing load times?,,,,,,,
133,"""How can I integrate a blog section into my personal website using a headless CMS like Strapi, and what are the steps to connect it with a front-end framework like Vue.js?""",,,,,,,
134,"""What are the main differences between using Java and Python for a beginner in coding?""",,,,,,,
135,"""Can you explain the main differences between frontend and backend development and their respective roles in a web application?""",,,,,,,
136,"""How do I start learning to code in Python for my first project?""",,,,,,,
137,"""What are the main differences and typical tools used in frontend and backend development?""",,,,,,,
138,"""How can I authenticate my requests when using a RESTful API?""",,,,,,,
139,"""Can you help me implement a k-nearest neighbors algorithm in Python for a classification problem?""",,,,,,,
140,"""How can I effectively use data structures and algorithms to optimize the performance of my applications?""",,,,,,,
141,"""How can I use a REST API to fetch data from an external server and integrate it into my web application?""",,,,,,,
142,"""How can I integrate a recommendation system into my web application using machine learning?""",,,,,,,
143,"""How do data scientists typically handle large-scale data processing and machine learning model deployment in real-world tech companies?""",,,,,,,
144,"""How can I use RESTful APIs to fetch data for my prototype application?""",,,,,,,
145,"""How can I optimize the memory usage in my Python program to handle large datasets more efficiently?""",,,,,,,
146,"""How can I utilize microservices architecture to improve the scalability and maintainability of my system design?""",,,,,,,
147,How can I implement real-time physics for my game using Unity's physics engine while ensuring optimal performance?,,,,,,,
148,"""What are the main differences between Java and Python for beginners like me?""",,,,,,,
149,"""Can you help me implement a binary search algorithm in Python?""",,,,,,,
150,How can I optimize my deep learning model for inference on a GPU while maintaining a small memory footprint?,,,,,,,
151,"""How can I effectively utilize microservices architecture to optimize the scalability and maintainability of our backend system?""",,,,,,,
152,"""Can you help me implement a binary search algorithm in Python and explain its time complexity?""",,,,,,,
153,"""Could you help me debug this Python script that implements a binary search algorithm, as I'm encountering a runtime error during execution?""",,,,,,,
154,"""Can you explain how to push my existing local project to a new repository on GitHub?""",,,,,,,
155,"""How can I ensure my feature updates do not disrupt the current API integrations in our production app?""",,,,,,,
156,"""Can you help me optimize this parallel computing algorithm to ensure maximum efficiency and minimal latency in distributed memory architectures?""",,,,,,,
157,"""Why am I getting a 'SyntaxError' when I try to run my Python code in the IDE?""",,,,,,,
158,"""Can you explain how parallel processing in algorithms can improve efficiency, and provide an example of an algorithm that benefits significantly from this approach?""",,,,,,,
159,"""Can you explain what a variable is and how to use it in Python?""",,,,,,,
160,"""What are the main differences between Java and Python in terms of syntax and usage?""",,,,,,,
161,"""Are there any coding clubs or groups at the University of Antananarivo where I can meet others who are learning to code?""",,,,,,,
162,"""How can I effectively integrate machine learning models into a web application using Flask and Docker?""",,,,,,,
163,"""Are there any coding clubs or groups for beginners like me at MIT?""",,,,,,,
164,"""What are the main differences between using Java and Python for programming as a beginner?""",,,,,,,
165,"""Can you help me implement a more efficient sorting algorithm for this large dataset to reduce runtime during my hackathon?""",,,,,,,
166,"""How can I effectively integrate design patterns in my coding projects to improve maintainability and scalability?""",,,,,,,
167,"""How can I implement CRUD operations in my to-do list project using Python and SQLite?""",,,,,,,
168,"""Can you show me how to create a simple bar chart using Python?""",,,,,,,
169,"""Can you help me understand how to fork a repository on GitHub and make my changes?""",,,,,,,
170,"""Can you help me implement a binary search algorithm in Python and optimize it for large datasets?""",,,,,,,
171,"""How do I create a simple bar chart using Python's Matplotlib library?""",,,,,,,
172,"""How can I create a simple bar chart using Python's matplotlib library?""",,,,,,,
173,"""How can I implement an efficient algorithm to manage and search through a large dataset in my school project prototype?""",,,,,,,
174,"""How can I implement load balancing and failover strategies to ensure high availability and reliability in my distributed system architecture?""",,,,,,,
175,"""How do I use JavaScript to create a simple animation that moves an element across the screen?""",,,,,,,
176,"""What are the main differences between frontend and backend development in terms of responsibilities and the technologies typically used?""",,,,,,,
177,"""Can you provide an example of how to implement a binary search algorithm in Python?""",,,,,,,
178,"""How can I use Python to create a simple bar chart for a set of data?""",,,,,,,
179,"""Can you help me understand how to use JavaScript to create a simple animation like moving an object across the screen?""",,,,,,,
180,"""How does one efficiently implement and integrate a machine learning model within a real-time data processing pipeline?""",,,,,,,
181,"""How can I optimize the performance of my recursive function for calculating Fibonacci numbers?""",,,,,,,
182,"""Can you help me implement a binary search tree in Python and explain its time complexity for different operations?""",,,,,,,
183,"""Can you explain how to optimize a two-pointer approach for solving array problems on LeetCode?""",,,,,,,
184,"""Are there coding clubs or groups at the University of Antananarivo where I can meet other students learning coding?""",,,,,,,
185,"""Can you help me implement a binary search tree and explain how its insertion and traversal operations work in Python?""",,,,,,,
186,"""Can you explain how functions work in Python?""",,,,,,,
187,How can I integrate a machine learning model into my Django web application to enable user file uploads and predictions?,,,,,,,
188,"""How can I optimize the time complexity of my algorithm for sorting a large array of integers?""",,,,,,,
